plot_type,trace_name,llama_y_mean,mistral_y_mean,delta_y_mean_abs,delta_y_mean_rel_pct,llama_y_min,mistral_y_min,llama_y_max,mistral_y_max
length,Original model,1329.1987577639752,1225.832298136646,-103.36645962732928,-7.776599174770217,1329.1987577639752,1225.832298136646,1329.1987577639752,1225.832298136646
length,With circuit-breaker,400.1770186335404,904.8105590062112,504.6335403726708,126.1025788276927,400.1770186335404,904.8105590062112,400.1770186335404,904.8105590062112
similarity,Original model,0.2989534433292995,0.3300935775321856,0.031140134202886083,10.416382516318764,0.2989534433292995,0.3300935775321856,0.2989534433292995,0.3300935775321856
similarity,With circuit-breaker,0.9671475156635214,0.6387205553410708,-0.32842696032245067,-33.95831090949243,0.9671475156635214,0.6387205553410708,0.9671475156635214,0.6387205553410708
refusal_rate,trace,0.0,1.8633540372670807,1.8633540372670807,nan,0.0,1.8633540372670807,0.0,1.8633540372670807
